unit_number,time_cycles,true_label,pred_prob,pred_label
18,131,1,0.0154213556416608,0
20,171,1,0.3290787908701731,0
20,172,1,0.2350449723328929,0
20,173,1,0.2215620345540902,0
20,175,1,0.2131117137896405,0
24,176,1,0.1660244315988955,0
34,180,1,0.0728728759531702,0
34,181,1,0.1178000345303744,0
34,182,1,0.1527111273851001,0
35,179,1,0.3180298337451102,0
36,115,1,0.1489054668604035,0
36,116,1,0.0145122471981639,0
36,117,1,0.1595444322523581,0
36,119,1,0.0432878441364646,0
37,112,1,0.0078437688426966,0
37,113,1,0.0053552025511834,0
37,114,1,0.0007215655872225,0
37,115,1,0.0333486846190845,0
37,116,1,0.0321384422073497,0
37,117,1,0.256952809719897,0
37,118,1,0.3298972702117785,0
37,119,1,0.2134665225010389,0
40,131,1,0.1830122309824404,0
40,133,1,0.2589380122752037,0
41,111,1,0.0006324747436542,0
41,112,1,0.0002231045915906,0
41,113,1,0.0043197917855845,0
41,114,1,0.0103391526056552,0
41,115,1,0.045780835661069,0
41,116,1,0.0423523004436295,0
41,117,1,0.0615229381274802,0
42,136,1,0.0019412923241172,0
42,137,1,0.0005323869413337,0
42,138,1,0.0033760293090182,0
42,139,1,0.0059237227356461,0
42,140,1,0.064937580930952,0
42,141,1,0.2256565676425953,0
53,160,1,0.0757873597056779,0
53,161,1,0.1075618867070729,0
53,163,1,0.1718755951348845,0
56,124,1,0.3203962257683734,0
61,151,1,0.1986863302225849,0
66,131,1,0.0521451764952921,0
66,132,1,0.0421255174059856,0
66,133,1,0.160597883654976,0
66,134,1,0.1282872419369437,0
66,135,1,0.1031639871922838,0
68,165,1,0.0730925776706585,0
82,141,1,0.2211781604385421,0
82,142,1,0.2036383146833701,0
82,143,1,0.2487883306818385,0
82,144,1,0.1399297412587369,0
82,146,1,0.2954164397692377,0
82,147,1,0.326772849909634,0
92,140,1,0.2732215936640155,0
92,144,1,0.1456484669301122,0
