feature,importance,family
time_cycles,0.019921477388396114,raw
sensor_15_roll_mean_10,0.0036110707188212188,rolling
sensor_3_roll_mean_10,0.0023508312733265813,rolling
sensor_11_exp_dev,0.002205419029615685,exp
sensor_14_roll_std_20,0.0010663564538800907,rolling
sensor_4_exp_dev,0.00016964761766274927,exp
sensor_2_roll_min_5,0.00014541224371089623,rolling
sensor_4_roll_mean_10,0.00012117686975909869,rolling
op_setting_1_roll_std_10,9.694149580730116e-05,rolling
sensor_13_roll_std_10,4.847074790370609e-05,rolling
sensor_15_exp_mean,4.847074790370609e-05,exp
sensor_11_roll_min_10,4.847074790370609e-05,rolling
sensor_2_roll_mean_10,4.847074790370609e-05,rolling
sensor_7_lag_2,4.847074790370609e-05,lag
sensor_8_roll_std_10,4.847074790370609e-05,rolling
sensor_15_roll_max_20,4.847074790370609e-05,rolling
sensor_8_lag_2,4.847074790370609e-05,lag
sensor_17_roll_mean_10,4.847074790370609e-05,rolling
sensor_2_lag_5,4.847074790370609e-05,lag
sensor_17_dev_mean_20,4.847074790370609e-05,rolling
sensor_9_roll_std_20,4.847074790365058e-05,rolling
sensor_12_exp_dev,4.847074790365058e-05,exp
sensor_4_roll_mean_5,4.847074790365058e-05,rolling
sensor_21_exp_mean,4.847074790365058e-05,exp
sensor_17_exp_dev,2.4235373951853045e-05,exp
sensor_12_dev_mean_20,2.4235373951853045e-05,rolling
sensor_11_roll_max_5,2.4235373951853045e-05,rolling
sensor_14_exp_mean,2.4235373951853045e-05,exp
sensor_3_dev_mean_10,2.4235373951853045e-05,rolling
sensor_20_roll_mean_20,2.4235373951853045e-05,rolling
sensor_15_exp_dev,2.4235373951853045e-05,exp
sensor_3_lag_1,2.4235373951853045e-05,lag
sensor_11_roll_mean_10,2.4235373951853045e-05,rolling
sensor_3_roll_max_20,2.4235373951853045e-05,rolling
sensor_4_roll_max_5,2.4235373951853045e-05,rolling
sensor_12_diff_5,2.4235373951853045e-05,diff
sensor_7_exp_dev,2.4235373951853045e-05,exp
sensor_21_roll_mean_5,2.4235373951853045e-05,rolling
sensor_13_exp_mean,2.4235373951853045e-05,exp
sensor_20_diff_1,2.4235373951853045e-05,diff
sensor_12_roll_min_10,2.4235373951853045e-05,rolling
sensor_3_exp_mean,5.551115123125783e-17,exp
sensor_4_exp_mean,5.551115123125783e-17,exp
sensor_13_roll_min_5,0.0,rolling
sensor_12_lag_2,0.0,lag
sensor_12_lag_3,0.0,lag
sensor_13_dev_mean_5,0.0,rolling
sensor_12_exp_mean,0.0,exp
sensor_12_diff_1,0.0,diff
sensor_12_roll_max_20,0.0,rolling
sensor_14_lag_2,0.0,lag
sensor_14_lag_1,0.0,lag
sensor_13_exp_dev,0.0,exp
sensor_13_diff_5,0.0,diff
sensor_13_roll_max_5,0.0,rolling
sensor_12_dev_mean_10,0.0,rolling
sensor_12_roll_max_10,0.0,rolling
sensor_12_roll_std_10,0.0,rolling
sensor_12_roll_mean_10,0.0,rolling
sensor_12_roll_max_5,0.0,rolling
sensor_12_roll_std_5,0.0,rolling
sensor_12_roll_mean_5,0.0,rolling
sensor_12_lag_5,0.0,lag
sensor_12_roll_mean_20,0.0,rolling
sensor_11_diff_1,0.0,diff
sensor_11_dev_mean_20,0.0,rolling
sensor_11_roll_max_20,0.0,rolling
sensor_11_roll_min_20,0.0,rolling
sensor_11_roll_std_20,0.0,rolling
sensor_11_dev_mean_10,0.0,rolling
sensor_11_roll_max_10,0.0,rolling
sensor_9_roll_mean_5,0.0,rolling
sensor_17_roll_mean_20,0.0,rolling
sensor_9_lag_3,0.0,lag
sensor_9_lag_2,0.0,lag
sensor_9_lag_1,0.0,lag
sensor_8_exp_mean,0.0,exp
sensor_11_roll_min_5,0.0,rolling
sensor_11_roll_std_5,0.0,rolling
sensor_11_lag_5,0.0,lag
sensor_11_lag_3,0.0,lag
sensor_11_lag_1,0.0,lag
sensor_9_lag_5,0.0,lag
sensor_13_roll_std_5,0.0,rolling
sensor_11_dev_mean_5,0.0,rolling
sensor_17_diff_1,0.0,diff
sensor_17_roll_max_20,0.0,rolling
sensor_17_roll_min_20,0.0,rolling
sensor_17_roll_std_20,0.0,rolling
sensor_13_lag_1,0.0,lag
sensor_17_dev_mean_10,0.0,rolling
sensor_11_diff_5,0.0,diff
sensor_17_roll_std_10,0.0,rolling
sensor_17_roll_max_5,0.0,rolling
sensor_17_roll_min_5,0.0,rolling
sensor_17_roll_mean_5,0.0,rolling
sensor_12_roll_std_20,0.0,rolling
sensor_9_roll_max_20,0.0,rolling
sensor_9_roll_min_20,0.0,rolling
sensor_9_roll_mean_20,0.0,rolling
sensor_11_exp_mean,0.0,exp
sensor_17_roll_min_10,0.0,rolling
sensor_21_diff_5,0.0,diff
sensor_21_diff_1,0.0,diff
sensor_21_roll_min_20,0.0,rolling
sensor_21_roll_std_20,0.0,rolling
sensor_21_dev_mean_10,0.0,rolling
sensor_21_roll_max_10,0.0,rolling
sensor_21_roll_std_10,0.0,rolling
sensor_21_roll_mean_10,0.0,rolling
sensor_11_lag_2,0.0,lag
sensor_20_dev_mean_10,0.0,rolling
sensor_15_lag_3,0.0,lag
sensor_15_lag_2,0.0,lag
sensor_14_exp_dev,0.0,exp
sensor_14_diff_5,0.0,diff
sensor_14_diff_1,0.0,diff
sensor_14_dev_mean_20,0.0,rolling
sensor_17_lag_5,0.0,lag
sensor_17_lag_3,0.0,lag
sensor_21_dev_mean_5,0.0,rolling
sensor_20,0.0,raw
sensor_17,0.0,raw
sensor_15,0.0,raw
sensor_14,0.0,raw
sensor_13,0.0,raw
sensor_12,0.0,raw
sensor_11,0.0,raw
sensor_9,0.0,raw
sensor_15_roll_min_10,0.0,rolling
sensor_7,0.0,raw
sensor_6,0.0,raw
sensor_3,0.0,raw
sensor_2,0.0,raw
op_setting_1,0.0,raw
sensor_21_roll_std_5,0.0,rolling
sensor_15_roll_min_20,0.0,rolling
sensor_15_roll_mean_20,0.0,rolling
sensor_15_dev_mean_10,0.0,rolling
sensor_8,0.0,raw
sensor_13_diff_1,0.0,diff
sensor_13_dev_mean_20,0.0,rolling
sensor_13_roll_min_20,0.0,rolling
sensor_13_roll_std_20,0.0,rolling
sensor_13_roll_mean_20,0.0,rolling
sensor_13_dev_mean_10,0.0,rolling
sensor_13_roll_max_10,0.0,rolling
sensor_13_roll_min_10,0.0,rolling
sensor_17_lag_2,0.0,lag
sensor_14_roll_max_20,0.0,rolling
sensor_14_roll_min_20,0.0,rolling
sensor_14_roll_mean_20,0.0,rolling
sensor_14_dev_mean_10,0.0,rolling
sensor_14_roll_max_10,0.0,rolling
sensor_13_roll_mean_5,0.0,rolling
sensor_13_lag_5,0.0,lag
sensor_13_lag_3,0.0,lag
sensor_13_lag_2,0.0,lag
sensor_13_roll_mean_10,0.0,rolling
sensor_17_lag_1,0.0,lag
sensor_15_diff_5,0.0,diff
sensor_15_diff_1,0.0,diff
sensor_15_dev_mean_20,0.0,rolling
sensor_14_roll_min_10,0.0,rolling
sensor_14_roll_std_10,0.0,rolling
sensor_14_roll_mean_10,0.0,rolling
sensor_14_dev_mean_5,0.0,rolling
sensor_15_lag_5,0.0,lag
sensor_14_roll_min_5,0.0,rolling
sensor_14_roll_std_5,0.0,rolling
sensor_14_roll_mean_5,0.0,rolling
sensor_14_lag_5,0.0,lag
sensor_14_lag_3,0.0,lag
sensor_15_roll_std_10,0.0,rolling
sensor_15_dev_mean_5,0.0,rolling
sensor_15_roll_std_5,0.0,rolling
sensor_15_roll_mean_5,0.0,rolling
sensor_14_roll_max_5,0.0,rolling
sensor_3_lag_3,0.0,lag
sensor_3_lag_2,0.0,lag
sensor_4_roll_std_5,0.0,rolling
sensor_4_lag_5,0.0,lag
sensor_4_lag_3,0.0,lag
sensor_4_lag_1,0.0,lag
sensor_3_exp_dev,0.0,exp
sensor_2_dev_mean_20,0.0,rolling
sensor_8_dev_mean_5,0.0,rolling
sensor_2_roll_std_20,0.0,rolling
sensor_2_roll_mean_20,0.0,rolling
sensor_2_dev_mean_10,0.0,rolling
sensor_2_roll_min_10,0.0,rolling
sensor_2_roll_std_10,0.0,rolling
sensor_3_roll_min_20,0.0,rolling
sensor_3_roll_std_20,0.0,rolling
sensor_3_roll_mean_20,0.0,rolling
sensor_3_roll_max_10,0.0,rolling
sensor_2_roll_min_20,0.0,rolling
sensor_6_roll_max_20,0.0,rolling
sensor_3_diff_5,0.0,diff
sensor_3_diff_1,0.0,diff
sensor_3_dev_mean_20,0.0,rolling
sensor_6_lag_3,0.0,lag
sensor_6_lag_2,0.0,lag
sensor_6_lag_1,0.0,lag
sensor_4_diff_5,0.0,diff
sensor_3_lag_5,0.0,lag
sensor_4_roll_max_20,0.0,rolling
sensor_4_roll_min_20,0.0,rolling
sensor_4_roll_mean_20,0.0,rolling
sensor_4_dev_mean_10,0.0,rolling
sensor_4_roll_min_10,0.0,rolling
sensor_3_dev_mean_5,0.0,rolling
sensor_3_roll_max_5,0.0,rolling
sensor_3_roll_min_5,0.0,rolling
sensor_3_roll_std_5,0.0,rolling
sensor_4_diff_1,0.0,diff
op_setting_1_roll_min_5,0.0,rolling
op_setting_1_roll_mean_5,0.0,rolling
op_setting_1_lag_5,0.0,lag
op_setting_1_lag_3,0.0,lag
op_setting_1_lag_1,0.0,lag
sensor_2_roll_max_5,0.0,rolling
sensor_2_roll_std_5,0.0,rolling
sensor_21_lag_5,0.0,lag
sensor_3_roll_min_10,0.0,rolling
sensor_21_roll_min_5,0.0,rolling
sensor_2_roll_mean_5,0.0,rolling
sensor_20_roll_std_20,0.0,rolling
sensor_20_roll_min_20,0.0,rolling
sensor_20_roll_max_20,0.0,rolling
sensor_20_dev_mean_20,0.0,rolling
sensor_20_diff_5,0.0,diff
sensor_21_lag_1,0.0,lag
sensor_21_lag_2,0.0,lag
sensor_21_roll_max_5,0.0,rolling
sensor_3_roll_std_10,0.0,rolling
sensor_2_lag_3,0.0,lag
sensor_2_lag_2,0.0,lag
sensor_2_lag_1,0.0,lag
op_setting_1_exp_dev,0.0,exp
op_setting_1_exp_mean,0.0,exp
op_setting_1_diff_5,0.0,diff
op_setting_1_diff_1,0.0,diff
op_setting_1_dev_mean_20,0.0,rolling
op_setting_1_dev_mean_5,0.0,rolling
op_setting_1_roll_min_20,0.0,rolling
sensor_2_exp_dev,0.0,exp
sensor_2_exp_mean,0.0,exp
sensor_2_diff_5,0.0,diff
sensor_2_diff_1,0.0,diff
op_setting_1_roll_mean_20,0.0,rolling
op_setting_1_dev_mean_10,0.0,rolling
op_setting_1_roll_min_10,0.0,rolling
op_setting_1_roll_mean_10,0.0,rolling
op_setting_1_roll_max_20,0.0,rolling
sensor_7_diff_5,0.0,diff
sensor_7_diff_1,0.0,diff
sensor_7_dev_mean_20,0.0,rolling
sensor_7_roll_max_20,0.0,rolling
sensor_7_roll_min_20,0.0,rolling
sensor_7_roll_std_20,0.0,rolling
sensor_7_roll_mean_20,0.0,rolling
sensor_7_dev_mean_10,0.0,rolling
sensor_6_dev_mean_20,0.0,rolling
sensor_8_diff_5,0.0,diff
sensor_8_diff_1,0.0,diff
sensor_8_dev_mean_20,0.0,rolling
sensor_8_roll_max_20,0.0,rolling
sensor_8_roll_min_20,0.0,rolling
sensor_7_dev_mean_5,0.0,rolling
sensor_7_roll_std_5,0.0,rolling
sensor_7_roll_mean_5,0.0,rolling
sensor_7_lag_5,0.0,lag
sensor_7_roll_max_10,0.0,rolling
sensor_9_exp_mean,0.0,exp
sensor_9_diff_5,0.0,diff
sensor_9_diff_1,0.0,diff
sensor_9_dev_mean_20,0.0,rolling
sensor_8_roll_std_20,0.0,rolling
sensor_8_dev_mean_10,0.0,rolling
sensor_8_roll_max_10,0.0,rolling
sensor_8_roll_min_10,0.0,rolling
sensor_8_roll_mean_10,0.0,rolling
sensor_7_exp_mean,0.0,exp
sensor_8_roll_max_5,0.0,rolling
sensor_8_roll_min_5,0.0,rolling
sensor_9_dev_mean_10,0.0,rolling
sensor_9_roll_max_10,0.0,rolling
sensor_9_roll_min_10,0.0,rolling
sensor_9_roll_std_10,0.0,rolling
sensor_9_roll_mean_10,0.0,rolling
sensor_9_roll_max_5,0.0,rolling
sensor_9_roll_min_5,0.0,rolling
sensor_21_lag_3,0.0,lag
sensor_6_roll_std_5,0.0,rolling
sensor_6_roll_mean_5,0.0,rolling
sensor_6_lag_5,0.0,lag
sensor_7_roll_std_10,0.0,rolling
sensor_7_roll_mean_10,0.0,rolling
sensor_4_roll_std_10,0.0,rolling
sensor_20_roll_max_10,0.0,rolling
sensor_20_roll_min_10,0.0,rolling
sensor_7_lag_3,0.0,lag
sensor_20_roll_mean_10,0.0,rolling
sensor_20_dev_mean_5,0.0,rolling
sensor_20_roll_min_5,0.0,rolling
sensor_20_roll_std_5,0.0,rolling
sensor_20_lag_5,0.0,lag
sensor_20_lag_3,0.0,lag
sensor_20_lag_2,0.0,lag
sensor_20_lag_1,0.0,lag
sensor_17_diff_5,0.0,diff
sensor_20_roll_std_10,0.0,rolling
sensor_7_lag_1,0.0,lag
sensor_6_exp_dev,0.0,exp
sensor_6_exp_mean,0.0,exp
sensor_6_diff_5,0.0,diff
sensor_6_diff_1,0.0,diff
sensor_8_roll_mean_5,0.0,rolling
sensor_8_lag_5,0.0,lag
sensor_8_lag_3,0.0,lag
sensor_8_lag_1,0.0,lag
sensor_6_roll_min_5,0.0,rolling
sensor_6_roll_std_20,0.0,rolling
sensor_6_roll_mean_20,0.0,rolling
sensor_6_dev_mean_10,0.0,rolling
sensor_6_roll_max_10,0.0,rolling
sensor_6_roll_min_10,0.0,rolling
sensor_6_roll_std_10,0.0,rolling
sensor_6_roll_mean_10,0.0,rolling
sensor_6_dev_mean_5,0.0,rolling
sensor_6_roll_max_5,0.0,rolling
sensor_6_roll_min_20,0.0,rolling
sensor_21_roll_max_20,-2.4235373951797534e-05,rolling
sensor_15_lag_1,-2.4235373951797534e-05,lag
sensor_15_roll_std_20,-2.4235373951797534e-05,rolling
sensor_21_dev_mean_20,-2.4235373951797534e-05,rolling
sensor_11_roll_mean_20,-2.4235373951797534e-05,rolling
sensor_17_roll_std_5,-2.4235373951797534e-05,rolling
sensor_12_dev_mean_5,-2.4235373951797534e-05,rolling
sensor_15_roll_min_5,-2.4235373951797534e-05,rolling
sensor_17_dev_mean_5,-2.4235373951797534e-05,rolling
sensor_12_lag_1,-2.4235373951797534e-05,lag
op_setting_1_roll_std_5,-2.4235373951797534e-05,rolling
op_setting_1_roll_max_5,-2.4235373951797534e-05,rolling
op_setting_1_roll_max_10,-2.4235373951797534e-05,rolling
sensor_7_roll_max_5,-2.4235373951797534e-05,rolling
sensor_4_roll_std_20,-2.4235373951797534e-05,rolling
sensor_17_exp_mean,-2.4235373951797534e-05,exp
sensor_9_dev_mean_5,-2.4235373951797534e-05,rolling
sensor_8_exp_dev,-2.4235373951797534e-05,exp
sensor_11_roll_mean_5,-2.4235373951797534e-05,rolling
sensor_9_exp_dev,-2.4235373951797534e-05,exp
sensor_2_dev_mean_5,-2.4235373951797534e-05,rolling
sensor_2_roll_max_10,-2.4235373951797534e-05,rolling
sensor_21_exp_dev,-2.4235373951797534e-05,exp
op_setting_1_roll_std_20,-2.4235373951797534e-05,rolling
sensor_4_dev_mean_5,-2.4235373951797534e-05,rolling
sensor_4_lag_2,-2.4235373951797534e-05,lag
sensor_9_roll_std_5,-4.847074790359507e-05,rolling
sensor_11_roll_std_10,-4.847074790359507e-05,rolling
sensor_21_roll_mean_20,-4.847074790359507e-05,rolling
sensor_4,-4.847074790359507e-05,raw
sensor_12_roll_min_5,-4.847074790359507e-05,rolling
sensor_17_roll_max_10,-4.847074790359507e-05,rolling
sensor_15_roll_max_10,-4.847074790359507e-05,rolling
sensor_15_roll_max_5,-4.847074790359507e-05,rolling
sensor_13_roll_max_20,-4.847074790359507e-05,rolling
sensor_12_roll_min_20,-4.847074790359507e-05,rolling
op_setting_1_lag_2,-4.847074790359507e-05,lag
sensor_21,-4.847074790359507e-05,raw
sensor_3_roll_mean_5,-4.847074790359507e-05,rolling
sensor_4_dev_mean_20,-4.847074790359507e-05,rolling
sensor_7_roll_min_10,-4.847074790359507e-05,rolling
sensor_8_roll_std_5,-4.847074790359507e-05,rolling
sensor_8_roll_mean_20,-4.847074790359507e-05,rolling
sensor_7_roll_min_5,-4.847074790359507e-05,rolling
sensor_2_roll_max_20,-4.847074790359507e-05,rolling
sensor_20_exp_mean,-4.847074790365058e-05,exp
sensor_21_roll_min_10,-7.270612185544811e-05,rolling
sensor_20_roll_mean_5,-7.270612185544811e-05,rolling
sensor_4_roll_min_5,-7.270612185544811e-05,rolling
sensor_4_roll_max_10,-9.694149580730116e-05,rolling
sensor_20_roll_max_5,-9.694149580730116e-05,rolling
sensor_20_exp_dev,-9.694149580730116e-05,exp
