threshold,recall,precision,f1,fp,fn,tn,tp,specificity,accuracy
0.1,0.9658333333333333,0.8208215297450425,0.8874425727411945,506,82,13655,2318,0.9642680601652426,0.9644948976511081
0.15,0.9579166666666666,0.8363041105856676,0.8929889298892989,450,101,13711,2299,0.9682225831509074,0.9667290622546948
0.2,0.9479166666666666,0.8488805970149254,0.8956692913385826,405,125,13756,2275,0.9714003248358167,0.9679971016242981
0.25,0.94,0.8584474885844748,0.8973747016706444,372,144,13789,2256,0.9737306687380834,0.9688424612040336
0.3,0.9320833333333334,0.8684006211180124,0.8991157556270096,339,163,13822,2237,0.9760610126403503,0.9696878207837691
0.35,0.92375,0.8776722090261283,0.9001218026796589,309,183,13852,2217,0.9781795070969564,0.9702916490550088
0.4,0.91375,0.8849878934624698,0.8991389913899139,285,207,13876,2193,0.9798743026622414,0.9702916490550088
0.45,0.905,0.8927250308261405,0.8988206083178151,261,228,13900,2172,0.9815690982275264,0.9704727975363806
0.5,0.8954166666666666,0.8976608187134503,0.8965373383395911,245,251,13916,2149,0.9826989619377162,0.9700501177465128
0.55,0.8866666666666667,0.9055319148936171,0.896,222,272,13939,2128,0.9843231410211143,0.9701708834007609
0.6,0.8754166666666666,0.9103119584055459,0.8925233644859814,207,299,13954,2101,0.9853823882494174,0.9694462894752732
0.65,0.8654166666666666,0.9169977924944812,0.8904608788853162,188,323,13973,2077,0.986724101405268,0.9691443753396534
0.7,0.85375,0.9242219215155616,0.8875893437296946,168,351,13993,2049,0.9881364310430054,0.9686613127226616
0.75,0.83875,0.9285055350553506,0.8813485113835376,155,387,14006,2013,0.9890544453075347,0.9672725076988105
0.8,0.82,0.9366968110423608,0.8744723394801155,133,432,14028,1968,0.990608007909046,0.9658837026749593
0.85,0.7983333333333333,0.9466403162055336,0.8661844484629295,108,484,14053,1916,0.9923734199562178,0.9642533663426122
0.9,0.7645833333333333,0.9547346514047866,0.8491439148542341,87,565,14074,1835,0.9938563660758422,0.9606303967151743
